t,r,y0,y1,y2,label
1,0,0,0,0,0
2,0,0,0,0,0
3,0,0,0,0,0
4,1,3.13212E-20,1.44093E-12,3.0033E-09,1
5,1,3.86221E-09,0.001383817,0.002044767,1
6,1,1.66481E-08,0.002763934,0.004085248,1
7,1,4.36928E-08,0.004140283,0.006121364,1
8,1,9.03808E-08,0.005512863,0.012206012,1
9,1,5.87462E-07,0.010968564,0.01825278,1
10,1,1.78518E-06,0.0163661,0.024261027,1
11,1,4.01107E-06,0.021705088,0.030230688,1
12,1,7.60413E-06,0.026985814,0.059512135,1
13,1,2.21715E-05,0.052547282,0.087864841,1
14,1,4.8225E-05,0.076744782,0.115317029,1
15,1,8.90464E-05,0.099648297,0.141897295,1
16,1,0.000147942,0.121327203,0.262618749,1
17,1,0.000497506,0.209708672,0.365321871,1
18,1,0.001171957,0.27766267,0.452730725,1
19,1,0.002271005,0.330030414,0.527135317,1
20,1,0.003887975,0.370439371,0.590466534,1
21,1,0.006109984,0.401624493,0.676297348,1
22,1,0.013770625,0.429995903,0.741725781,1
23,1,0.025749588,0.450748806,0.791674782,1
24,1,0.04272358,0.465979534,0.829810098,1
25,1,0.065221721,0.477186407,0.858905735,1
26,1,0.093627556,0.4854549,0.889481174,1
27,1,0.128182065,0.494126367,0.910011241,1
28,1,0.253828469,0.499690884,0.923874925,1
29,1,0.422687237,0.503390383,0.933236485,1
30,1,0.625872442,0.505927887,0.93953341,1
31,1,0.849665695,0.507728302,0.945407956,1
32,1,1.07722135,0.509789725,0.948553521,1
33,1,1.290432271,0.511297169,0.950314583,1
34,1,1.477089596,0.512598063,0.951300128,1
35,1,1.613065615,0.513789589,0.951826068,1
36,1,1.686375968,0.51491183,0.952312674,1
37,1,1.690818532,0.518434753,0.952397664,1
38,1,1.626593689,0.521904398,0.952391545,1
39,1,1.500368659,0.525405203,0.95238514,1
40,1,1.324717854,0.528932138,0.952392783,1
41,1,1.08377301,0.537226036,0.952396736,1
42,1,0.831520114,0.545584391,0.952399371,1
43,1,0.60061956,0.553995685,0.952409625,1
44,1,0.420885094,0.562448919,0.952419895,1
45,1,0.315459635,0.589066772,0.952430171,1
46,1,0.297892586,0.615640057,0.952471318,1
47,1,0.370436739,0.64185134,0.952512539,1
48,1,0.528600587,0.667418078,0.952553835,1
49,1,0.750316877,0.692090519,0.952595206,1
50,1,1.005603608,0.752561268,0.952803177,1
51,1,1.259955143,0.802027387,0.953012996,1
52,1,1.479020691,0.838809247,0.953224641,1
53,1,1.633240776,0.862705101,0.953438086,1
54,1,1.701828773,0.8747377,0.954496368,1
55,1,1.675571456,0.876509365,0.955593565,1
56,1,1.552985119,0.869070355,0.956726936,1
57,1,1.351006853,0.856757712,0.95789376,1
58,1,1.098723104,0.843859561,0.959091341,1
59,1,0.832430611,0.834110005,0.965880296,1
60,1,0.590403159,0.83030184,0.973081467,1
61,1,0.407394442,0.835240338,0.980342006,1
62,1,0.309655523,0.84942798,0.987353387,1
63,1,0.311171961,0.871959467,0.993858929,1
64,1,0.411660201,0.900795771,0.99965723,1
65,1,0.596615028,0.934384898,1.007212321,1
66,1,0.839403038,0.968254708,1.012198934,1
67,1,1.105099132,0.999025897,1.014610028,1
68,1,1.355511407,1.023940538,1.014694311,1
69,1,1.554670788,1.04116605,1.012893541,1
70,1,1.673996979,1.049919595,1.009709827,1
71,1,1.696399585,1.04947367,1.005518908,1
72,1,1.618726028,1.038832186,1.001084103,1
73,1,1.452205245,1.021780199,0.996929579,1
74,1,1.220824458,1.002705696,0.993443493,1
75,1,0.957873737,0.985693461,0.990877556,1
76,1,0.701156302,0.973798766,0.98934928,1
77,1,0.487553759,0.968561218,0.988956704,1
78,1,0.347727547,0.97070453,0.99041755,1
79,1,0.3017177,0.978748772,0.993034116,1
80,1,0.356070704,0.990191394,0.996065779,1
81,1,0.502908104,1.002177621,0.99890395,1
82,1,0.721068406,1.012146732,1.001140589,1
83,1,0.979156745,1.018680137,1.002568456,1
84,1,1.240062825,1.019777648,1.003193199,1
85,1,1.466296956,1.015975244,1.003077553,1
86,1,1.625376934,1.00894031,1.002459546,1
87,1,1.694491749,1.000882278,1.001607006,1
88,1,1.663772502,0.993917375,1.00076977,1
89,1,1.537701521,0.989276485,1.000122488,1
90,1,1.334458483,0.988619472,0.999729244,1
91,1,1.083298901,0.991471766,0.999577775,1
92,1,0.820343006,0.996386524,0.999668837,1
93,1,0.583381177,1.001542532,0.99986294,1
94,1,0.406442961,1.005359672,1.000029489,1
95,1,0.314910185,1.006967428,1.000113941,1
96,1,0.321875954,1.005767195,1.000103776,1
97,1,0.426271825,1.002694133,1.000020227,1
98,1,0.613031041,0.999206017,0.999887011,1
99,1,0.855262974,0.996652677,0.999812216,1
100,1,1.118124957,0.995793393,0.999836571,1
101,1,1.363834044,0.996775643,0.9999306,1
102,1,1.557097791,0.999068849,1.000028865,1
103,1,1.670183471,1.001435523,1.000079604,1
104,1,1.686897606,1.00279093,1.000064129,1
105,1,1.604904781,1.002663414,1.000004393,1
106,1,1.436053692,1.000876881,0.999969574,1
107,1,1.20466496,0.998669462,0.999985217,1
108,1,0.944028113,0.997656708,1.000020836,1
109,1,0.691612298,0.998438872,1.000031071,1
110,1,0.483679729,1.0002765,1.00000404,1
111,1,0.350076256,1.001753679,0.999969333,1
112,1,0.309947427,1.001816057,0.999969736,1
113,1,0.368994938,1.000546775,1.000002002,1
114,1,0.518666622,0.998991571,1.000027518,1
115,1,0.737395029,0.998310702,1.000016393,1
116,1,0.993705229,0.998997367,0.99997705,1
117,1,1.250744025,1.000478963,0.999978518,1
118,1,1.471677538,1.001457563,1.000013385,1
119,1,1.624618056,1.001152079,1.000022095,1
120,1,1.68761454,0.999905058,0.999992101,1
121,1,1.65166798,0.998772075,0.999980816,1
122,1,1.522016763,0.998830565,1.000007025,1
123,1,1.317373185,0.9999596,1.000014783,1
124,1,1.067222684,1.001070668,0.999993637,1
125,1,0.807575617,1.001148235,0.999991559,1
126,1,0.57578351,1.000109977,1.000001833,1
127,1,0.405165871,0.998994619,1.000002689,1
128,1,0.320220564,0.998924685,0.999999169,1
129,1,0.333106329,0.999933796,0.999999804,1
130,1,0.441902494,1.000976245,1.000000029,1
131,1,0.630894928,1.000999856,1.000000001,1
132,1,0.872845701,0.999971464,1,1
133,1,1.132918626,0.998999058,1,1
134,1,1.37369497,0.999098406,1,1
135,1,1.560557162,1.000137521,1,1
136,1,1.666665913,1.001040862,1,1
137,1,1.676815163,1.000729027,1,1
138,1,1.58961116,0.999579798,1,1
139,1,1.41766342,0.998923604,1,1
140,1,1.185761469,0.999508084,1,1
141,1,0.92730099,1.000671738,1,1
142,1,0.679474603,1.001029601,1,1
143,1,0.477919844,1.000162034,1,1
144,1,0.351594486,0.999107459,1,1
145,1,0.318616144,0.999118326,1,1
146,1,0.383663875,1.000182815,1,1
147,1,0.537314435,1.001022369,1,1
148,1,0.757407324,1.000630059,1,1
149,1,1.012240893,0.99948397,1,1
150,1,1.26513855,0.998963592,1,1
151,1,1.480067493,0.99971954,1,1
152,1,1.625547439,1.000833976,1,1
153,1,1.680624266,1.000898804,1,1
154,1,1.637409691,0.999832896,1,1
155,1,1.502210752,0.998977327,1,1
156,1,1.29460857,0.999407156,1,1
157,1,1.04462208,1.000581201,1,1
158,1,0.788367645,1.001023897,1,1
159,1,0.562841544,1.000157652,1,1
160,1,0.400578712,0.999080869,1,1
161,1,0.324959017,0.99919417,1,1
162,1,0.346838482,1.000353148,1,1
163,1,0.462990901,1.001056871,1,1
164,1,0.656583417,1.00039223,1,1
165,1,0.89961592,0.999218225,1,1
166,1,1.156970759,0.999055424,1,1
167,1,1.39148713,1.000116431,1,1
168,1,1.569326906,1.001042712,1,1
169,1,1.664857099,1.000558126,1,1
170,1,1.664344462,0.999312883,1,1
171,1,1.567929697,0.998989542,1,1
172,1,1.389597511,1.000030711,1,1
173,1,1.155148209,1.001034893,1,1
174,1,0.898465057,1.000644082,1,1
175,1,0.656617392,0.999380703,1,1
176,1,0.464507212,0.998949378,1,1
177,1,0.349832343,0.999936909,1,1
178,1,0.329093078,1.001013972,1,1
179,1,0.405218034,1.00072449,1,1
180,1,0.567150806,0.999454077,1,1
181,1,0.791455747,0.998916462,1,1
182,1,1.045709651,0.999841767,1,1
183,1,1.293188501,1.000984997,1,1
184,1,1.498171805,1.000801147,1,1
185,1,1.631098389,0.999533158,1,1
186,1,1.672829466,0.998891039,1,1
187,1,1.617404214,0.999745772,1,1
188,1,1.4728911,1.000947939,1,1
189,1,1.260213409,1.000873389,1,1
190,1,1.010119897,0.999617478,1,1
191,1,0.758739189,0.998873467,1,1
192,1,0.542150346,0.999649634,1,1
193,1,0.391952517,1.000902902,1,1
194,1,0.329830391,1.000940573,1,1
195,1,0.364710349,0.999706512,1,1
196,1,0.491478017,0.998861078,1,1
197,1,0.69172857,0.999574566,1,1
198,1,0.936439016,1.000875926,1,1
199,1,1.190174412,1.000983647,1,1
200,1,1.41621875,0.999743853,1,1
201,1,1.581887823,0.99884774,1,1
202,1,1.663255182,0.99953584,1,1
203,1,1.648607699,1.000867611,1,1
204,1,1.540131626,1.001010639,1,1
205,1,1.353586539,0.99976165,1,1
206,1,1.116015798,0.998834862,1,1
207,1,0.861826126,0.999509128,1,1
208,1,0.62780461,1.000863258,1,1
209,1,0.447794774,1.001034488,1,1
210,1,0.347802239,0.999780908,1,1
211,1,0.342237769,0.998822981,1,1
212,1,0.431840461,0.999482347,1,1
213,1,0.603580368,1.000858419,1,1
214,1,0.832553253,1.00105837,1,1
215,1,1.085591962,0.999800741,1,1
216,1,1.326070723,0.998811411,1,1
217,1,1.519206485,0.999455162,1,1
218,1,1.637089951,1.000853005,1,1
219,1,1.662718617,1.001082298,1,1
220,1,1.592449029,0.999821182,1,1
221,1,1.436514584,0.998800177,1,1
222,1,1.21753529,0.999427576,1,1
223,1,0.967236518,1.000847003,1,1
224,1,0.721852697,1.001106259,1,1
225,1,0.516881869,0.999842235,1,1
226,1,0.381950437,0.998789293,1,1
227,1,0.336531,0.999399595,1,1
228,1,0.387132202,1.0008404,1,1
229,1,0.526366132,1.001130242,1,1
230,1,0.734026893,0.999863905,1,1
231,1,0.980022892,0.998778775,1,1
232,1,1.228737311,0.999371222,1,1
233,1,1.444184917,1.000833185,1,1
234,1,1.595218563,1.001154234,1,1
235,1,1.660032094,0.999886196,1,1
236,1,1.629308684,0.998768636,1,1
237,1,1.506901528,0.999342463,1,1
238,1,1.310654877,1.000825347,1,1
239,1,1.069242502,1.001178224,1,1
240,1,0.817904767,0.999909112,1,1
241,1,0.593303027,0.998758891,1,1
242,1,0.428172547,0.999313324,1,1
243,1,0.34655239,1.000816874,1,1
244,1,0.360286226,1.001202197,1,1
245,1,0.467303479,0.999932656,1,1
246,1,0.651930825,0.998749557,1,1
247,1,0.88718757,0.99928381,1,1
248,1,1.138728638,1.000807753,1,1
249,1,1.369858696,1.001226142,1,1
250,1,1.546885303,0.999956833,1,1
251,1,1.644030256,0.998740648,1,1
252,1,1.64718329,0.999253928,1,1
253,1,1.555951566,1.000797975,1,1
254,1,1.383707217,1.001250044,1,1
255,1,1.155627408,0.999981644,1,1
256,1,0.905014165,0.998732179,1,1
257,1,0.668431944,0.999223683,1,1
258,1,0.480372898,1.000787526,1,1
259,1,0.368228176,1.001273891,1,1
260,1,0.348298371,1.000007094,1,1
261,1,0.423424219,0.998724167,1,1
262,1,0.582581911,0.999193083,1,1
263,1,0.80250064,1.000776396,1,1
264,1,1.051065056,1.001297667,1,1
265,1,1.292005139,1.000033185,1,1
266,1,1.490188631,0.998716627,1,1
267,1,1.616743763,0.999162135,1,1
268,1,1.653265331,1.000764573,1,1
269,1,1.594491373,1.001321359,1,1
270,1,1.44906118,1.000059919,1,1
271,1,1.238245466,0.998709575,1,1
272,1,0.992835333,0.999130846,1,1
273,1,0.748645033,1.000752046,1,1
274,1,0.54057552,1.001344952,1,1
275,1,0.400186189,1.000087299,1,1
276,1,0.348066794,0.998703027,1,1
277,1,0.39181501,0.999099224,1,1
278,1,0.524929455,1.000738804,1,1
279,1,0.727777598,1.001368431,1,1
280,1,0.970491987,1.000115325,1,1
281,1,1.217367312,0.998697,1,1
282,1,1.432112242,0.999067278,1,1
283,1,1.583184327,1.000724836,1,1
284,1,1.648423422,1.001391781,1,1
285,1,1.618302418,1.000144001,1,1
286,1,1.49731834,0.998691509,1,1
287,1,1.303320946,0.999035017,1,1
288,1,1.064879231,1.00071013,1,1
289,1,0.817074314,1.001414985,1,1
290,1,0.596338138,1.000173327,1,1
291,1,0.4350973,0.998686572,1,1
292,1,0.357009506,0.999002449,1,1
293,1,0.373492464,1.000694676,1,1
294,1,0.482054507,1.001438029,1,1
295,1,0.66667097,1.000203304,1,1
296,1,0.90014953,0.998682205,1,1
297,1,1.14813535,0.998969583,1,1
298,1,1.374166146,1.000678463,1,1
299,1,1.545033359,1.001460896,1,1
300,1,1.635661153,1.000233933,1,1
301,1,1.632786426,0.998678424,1,1
302,1,1.536899769,0.998936431,1,1
303,1,1.362163353,1.00066148,1,1
304,1,1.134319259,1.001483569,1,1
305,1,0.8868972,1.000265214,1,1
306,1,0.65628028,0.998675247,1,1
307,1,0.476354924,0.998903001,1,1
308,1,0.373531688,1.000643717,1,1
309,1,0.36286858,1.001506031,1,1
310,1,0.445865927,1.000297147,1,1
311,1,0.610255704,0.99867269,1,1
312,1,0.831814842,0.998869305,1,1
313,1,1.077934506,1.000625163,1,1
314,1,1.312419407,1.001528265,1,1
315,1,1.5008108,1.000329732,1,1
316,1,1.61545035,0.998670771,1,1
317,1,1.639540718,0.998835354,1,1
318,1,1.569606715,1.000605809,1,1
319,1,1.415996436,1.001550254,1,1
320,1,1.20135012,1.000362967,1,1
321,1,0.95726329,0.998810607,1,1
322,1,0.719635979,0.99862597,1,1
323,1,0.523392604,1.000003013,1,1
324,1,0.397349099,1.001350082,1,1
325,1,0.359981667,1.00112677,1,1
326,1,0.416718471,0.999611142,1,1
327,1,0.559151231,0.998560913,1,1
328,1,0.766281235,0.999177682,1,1
329,1,1.007615125,1.000732785,1,1
330,1,1.247654064,1.001427402,1,1
331,1,1.451780108,1.000472886,1,1
332,1,1.588846572,0.998985718,1,1
333,1,1.638600177,0.998681858,1,1
334,1,1.593736191,0.999896979,1,1
335,1,1.460970344,1.001233925,1,1
336,1,1.260031877,1.001097864,1,1
337,1,1.020731059,0.999662128,1,1
338,1,0.778537296,0.998635893,1,1
339,1,0.569322501,0.999230276,1,1
340,1,0.424048039,1.000730141,1,1
341,1,0.364182459,1.001355031,1,1
342,1,0.398528745,1.000372935,1,1
343,1,0.521930055,0.99895764,1,1
344,1,0.716043999,0.998785914,1,1
345,1,0.952069031,1.000051007,1,1
346,1,1.195017769,1.001268069,1,1
347,1,1.408903316,1.000910373,1,1
348,1,1.562069829,0.999425771,1,1
349,1,1.631877712,0.998652281,1,1
350,1,1.608049959,0.99954412,1,1
351,1,1.494185038,1.000996247,1,1
352,1,1.307213637,1.001214652,1,1
353,1,1.074881266,0.999933186,1,1
354,1,0.831631011,0.998732302,1,1
355,1,0.613497392,0.99911764,1,1
356,1,0.452768318,1.000605005,1,1
357,1,0.37320588,1.001335067,1,1
358,1,0.386533406,1.00039729,1,1
359,1,0.490708119,0.998965098,1,1
360,1,0.670233895,0.998827294,1,1
361,1,0.898466283,1.000153731,1,1
362,1,1.141566941,1.001294527,1,1
363,1,1.363520572,1.000784236,1,1
364,1,1.531470563,0.99927329,1,1
365,1,1.620582853,0.998686502,1,1
366,1,1.61771801,0.999771876,1,1
367,1,1.523368565,1.001147942,1,1
368,1,1.35157595,1.001062631,1,1
369,1,1.127840851,0.999624301,1,1
370,1,0.885337947,0.998664137,1,1
371,1,0.659996895,0.999404771,1,1
372,1,0.485178956,1.000903414,1,1
373,1,0.386737947,1.001251968,1,1
374,1,0.379196749,1.000006452,1,1
375,1,0.463604811,0.998752536,1,1
376,1,0.627392718,0.999086822,1,1
377,1,0.846243878,1.0005839,1,1
378,1,1.087704633,1.001337725,1,1
379,1,1.315996819,1.000388345,1,1
380,1,1.497319138,0.998944348,1,1
381,1,1.604851811,0.998844291,1,1
382,1,1.622723521,1.000215775,1,1
383,1,1.548353907,1.001314721,1,1
384,1,1.392825863,1.000730782,1,1
385,1,1.179233978,0.999210622,1,1
386,1,0.939255215,0.998699643,1,1
387,1,0.708451051,0.999852641,1,1
388,1,0.520997781,1.001194953,1,1
389,1,0.40462589,1.00100866,1,1
390,1,0.376517831,0.999531272,1,1
391,1,0.440771048,0.998652931,1,1
392,1,0.587800842,0.999498188,1,1
393,1,0.795770052,1.000986224,1,1
394,1,1.033832321,1.001212873,1,1
395,1,1.266707268,0.999887291,1,1
396,1,1.459908945,0.998705174,1,1
397,1,1.584852775,0.999179608,1,1
398,1,1.623084671,1.000704353,1,1
399,1,1.56900665,1.001328502,1,1
400,1,1.430696384,1.000252663,1,1
401,1,1.228700715,0.998852795,1,1
402,1,0.992983326,0.998920407,1,1
403,1,0.758480007,1.00036984,1,1
404,1,0.559247563,1.001346779,1,1
405,1,0.425954468,1.000600548,1,1
406,1,0.378450461,0.999085225,1,1
407,1,0.423762341,0.998739823,1,1
408,1,0.555055127,1.000007126,1,1
409,1,0.752664806,1.001266066,1,1
410,1,0.987044165,1.00090531,1,1
411,1,1.223180144,0.999385624,1,1
412,1,1.425823601,0.998651374,1,1
413,1,1.564751095,0.999642803,1,1
414,1,1.619272944,1.001092004,1,1
415,1,1.581314571,1.001144407,1,1
416,1,1.456612144,0.999732105,1,1
417,1,1.263845701,0.998661839,1,1
418,1,1.031840965,0.999303657,1,1
419,1,0.795258926,1.000837114,1,1
420,1,0.589417632,1.001300059,1,1
421,1,0.445019753,1.000099324,1,1
422,1,0.383573061,0.998770746,1,1
423,1,0.414186905,0.999014706,1,1
424,1,0.532221864,1.000519898,1,1
425,1,0.719992691,1.001360569,1,1
426,1,0.94941806,1.000460339,1,1
427,1,1.186220132,0.998970378,1,1
428,1,1.39504589,0.998797349,1,1
429,1,1.5447451,1.000163499,1,1
430,1,1.613016921,1.001321203,1,1
431,1,1.58973206,1.00078858,1,1
432,1,1.47843555,0.999246328,1,1
433,1,1.295807237,0.998667785,1,1
434,1,1.069162032,0.999794009,1,1
435,1,0.832364572,1.001184556,1,1
436,1,0.620769286,1.001059812,1,1
437,1,0.465941915,0.99957853,1,1
438,1,0.390950563,0.998635806,1,1
439,1,0.406928753,0.999438561,1,1
440,1,0.511422562,1.000960387,1,1
441,1,0.688767205,1.001253916,1,1
442,1,0.91243531,0.999942722,1,1
443,1,1.149004888,0.998704055,1,1
444,1,1.363153444,0.999123338,1,1
445,1,1.522932005,1.000664919,1,1
446,1,1.60453159,1.001356387,1,1
447,1,1.595831009,1.000312217,1,1
448,1,1.49819735,0.998867814,1,1
449,1,1.326271701,0.998871641,1,1
450,1,1.105773631,1.000319667,1,1
451,1,0.869653642,1.001359414,1,1
452,1,0.653169176,1.000659857,1,1
453,1,0.488619997,0.999115325,1,1
454,1,0.400529038,0.998702172,1,1
455,1,0.401987759,0.999949873,1,1
456,1,0.492710632,1.001262478,1,1
457,1,0.659087891,1.000960012,1,1
458,1,0.876227144,0.999428637,1,1
459,1,1.111677602,0.998627639,1,1
460,1,1.330279728,0.999582658,1,1
461,1,1.499415546,1.001072408,1,1
462,1,1.593875604,1.001190465,1,1
463,1,1.599616381,0.999784906,1,1
464,1,1.515848107,0.998653625,1,1
465,1,1.35514262,0.999245721,1,1
466,1,1.141546658,1.000804092,1,1
467,1,0.906983714,1.001333843,1,1
468,1,0.686482857,1.000155961,1,1
469,1,0.512947595,0.998777619,1,1
470,1,0.412245977,0.998963648,1,1
471,1,0.399354597,1.000476836,1,1
472,1,0.476131283,1.001380402,1,1
473,1,0.63104771,1.000516949,1,1
474,1,0.840920363,0.998990996,1,1
475,1,1.074379963,0.998756093,1,1
476,1,1.296560153,1.000113855,1,1
477,1,1.474304647,1.001326691,1,1
478,1,1.581115168,1.000841481,1,1
479,1,1.601101808,0.999278452,1,1
480,1,1.531346884,0.998638364,1,1
481,1,1.382330638,0.999741434,1,1
482,1,1.176356715,1.001176298,1,1
483,1,0.944213945,1.001105835,1,1
484,1,0.720574076,0.999619313,1,1
485,1,0.538813383,0.998619311,1,1
486,1,0.426031576,0.999386635,1,1
487,1,0.399011375,1.000939857,1,1
488,1,0.461721167,1.001290588,1,1
489,1,0.604732346,0.999988954,1,1
490,1,0.806636855,0.998700635,1,1
491,1,1.03725184,0.999075323,1,1
492,1,1.262131682,1.000634292,1,1
493,1,1.44771292,1.001382048,1,1
494,1,1.566323599,1.000360577,1,1
495,1,1.600309401,0.998876739,1,1
496,1,1.544661326,0.998830284,1,1
497,1,1.407753804,1.000281612,1,1
498,1,1.210084525,1.001373262,1,1
499,1,0.981205565,1.000707155,1,1
500,1,0.755305298,0.999135116,1,1
501,1,0.565354853,0.998669554,1,1
502,1,0.441027802,0.999907322,1,1
503,1,0.401006565,1.001264552,1,1
504,1,0.451255901,1.001003397,1,1
505,1,0.584134618,0.999457233,1,1
506,1,0.779559564,0.998605094,1,1
507,1,1.00804179,0.999538579,1,1
508,1,1.235135589,1.001063506,1,1
509,1,1.426878853,1.001227592,1,1
510,1,1.553970445,0.99981986,1,1
511,1,1.597255426,0.998641899,1,1
512,1,1.55025842,0.999202227,1,1
513,1,1.420151899,1.000784454,1,1
514,1,1.226660758,1.001363201,1,1
515,1,0.999071641,1.000196747,1,1
516,1,0.771800481,0.998777617,1,1
517,1,0.579188485,0.998922836,1,1
518,1,0.450313097,1.000447448,1,1
519,1,0.404598198,1.001400078,1,1
520,1,0.448886529,1.000560524,1,1
521,1,0.576415603,0.999002689,1,1
522,1,0.767850257,0.998720911,1,1
523,1,0.994214097,1.000076818,1,1
524,1,1.221275429,1.001335224,1,1
525,1,1.41472388,1.000884686,1,1
526,1,1.545354897,0.999301027,1,1
527,1,1.593478689,0.998611389,1,1
528,1,1.551888009,0.999699418,1,1
529,1,1.426937438,1.001173033,1,1
530,1,1.237572588,1.001145526,1,1
531,1,1.012457511,0.999651163,1,1
532,1,0.785635871,0.998602531,1,1
533,1,0.59138261,0.99934268,1,1
534,1,0.459024701,1.000924994,1,1
535,1,0.408513586,1.001323867,1,1
536,1,0.447417763,1.000027792,1,1
537,1,0.569894998,0.998695304,1,1
538,1,0.757352827,0.999032621,1,1
539,1,0.981377168,1.000608875,1,1
540,1,1.208043546,1.001406473,1,1
541,1,1.40305456,1.0004036,1,1
542,1,1.536929384,0.998883281,1,1
543,1,1.589460348,0.998791945,1,1
544,1,1.552763094,1.000247456,1,1
545,1,1.432099,1.001387029,1,1
546,1,1.245854694,1.000751247,1,1
547,1,1.022390124,0.999153093,1,1
548,1,0.795699985,0.99863838,1,1
549,1,0.600241461,0.999866884,1,1
550,1,0.46569701,1.001266624,1,1
551,1,0.412467377,1.001045353,1,1
552,1,0.448578479,0.999485374,1,1
553,1,0.568625215,0.998583376,1,1
554,1,0.754268546,0.999494781,1,1
555,1,0.977185289,1.001053696,1,1
556,1,1.203398589,1.001264353,1,1
557,1,1.398457047,0.99985615,1,1
558,1,1.532681368,0.998631248,1,1
559,1,1.58567993,0.999158244,1,1
560,1,1.549446586,1.000763438,1,1
561,1,1.429495768,1.001392078,1,1
562,1,1.244173769,1.000238572,1,1
563,1,1.021781009,0.998778842,1,1
564,1,0.796245923,0.998881866,1,1
565,1,0.601948633,1.000416718,1,1
566,1,0.468480197,1.001418943,1,1
567,1,0.416136122,1.00060486,1,1
568,1,0.452830267,0.999015739,1,1
569,1,0.572998362,0.998685945,1,1
570,1,0.758238994,1.000038579,1,1
571,1,0.980228629,1.001342675,1,1
572,1,1.205057794,1.000928315,1,1
573,1,1.398411057,0.999324991,1,1
574,1,1.530804445,0.99858499,1,1
575,1,1.582081188,0.999656428,1,1
576,1,1.544480475,1.00116849,1,1
577,1,1.423812028,1.001185272,1,1
578,1,1.238558624,0.999684332,1,1
579,1,1.017045138,0.998586647,1,1
580,1,0.793107722,0.999298051,1,1
581,1,0.600925341,1.000908749,1,1
582,1,0.469803152,1.001356826,1,1
583,1,0.419703914,1.000067782,1,1
584,1,0.458208794,0.998691122,1,1
585,1,0.579370246,0.998989594,1,1
586,1,0.764630561,1.000582074,1,1
587,1,0.98566421,1.001430226,1,1
588,1,1.208708684,1.000447524,1,1
589,1,1.399721631,0.998891145,1,1
590,1,1.529576586,0.998753655,1,1
591,1,1.578504264,1.000212014,1,1
592,1,1.539102225,1.001399819,1,1
593,1,1.41745472,1.000795923,1,1
594,1,1.232193314,0.999172468,1,1
595,1,1.011643311,0.998607628,1,1
596,1,0.789493019,0.999825351,1,1
597,1,0.599647988,1.001267486,1,1
598,1,0.471056222,1.001087533,1,1
599,1,0.423294144,0.999514887,1,1
600,1,0.463586378,0.998562423,1,1
601,1,0.585713034,0.99945016,1,1
602,1,0.770969749,1.001042529,1,1
603,1,0.991032321,1.001300961,1,1
604,1,1.212287223,0.999893687,1,1
605,1,1.400965883,0.998621649,1,1
606,1,1.528298524,0.99911377,1,1
607,1,1.574900964,1.000741016,1,1
608,1,1.53372548,1.001420432,1,1
609,1,1.411126543,1.000281428,1,1
610,1,1.225880265,0.998781332,1,1
611,1,1.006308867,0.998840776,1,1
612,1,0.785950531,1.000384636,1,1
613,1,0.59843667,1.001436956,1,1
614,1,0.472359076,1.000649934,1,1
615,1,0.426910316,0.999030175,1,1
616,1,0.468962119,0.998651238,1,1
617,1,0.592026497,0.99999914,1,1
618,1,0.77725663,1.001349002,1,1
619,1,0.996333148,1.000972336,1,1
620,1,1.21579378,0.999350361,1,1
621,1,1.402144441,0.998559211,1,1
622,1,1.526971079,0.999612477,1,1
623,1,1.571272116,1.001162635,1,1
624,1,1.528350903,1.001225034,1,1
625,1,1.404827896,0.999718826,1,1
626,1,1.219619579,0.9985717,1,1
627,1,1.001041609,0.999252772,1,1
628,1,0.782479786,1.000891098,1,1
629,1,0.5972907,1.001389423,1,1
630,1,0.473710914,1.000108919,1,1
631,1,0.430551645,0.998688129,1,1
632,1,0.474335371,0.998946276,1,1
633,1,0.598310226,1.000553873,1,1
634,1,0.783491092,1.001453264,1,1
635,1,1.001566888,1.000492333,1,1
636,1,1.219228833,0.998900361,1,1
637,1,1.403346741,0.998715455,1,1
638,1,1.525689926,1.000175282,1,1
639,1,1.567614832,1.001411591,1,1
640,1,1.522780266,1.000841156,1,1
641,1,1.398106333,0.999193263,1,1
642,1,1.212706178,0.998577342,1,1
643,1,0.994955771,0.999782732,1,1
644,1,0.778151006,1.0012671,1,1
645,1,0.595176492,1.001129901,1,1
646,1,0.474391228,0.999545784,1,1
647,1,0.43425727,0.998542278,1,1
648,1,0.48086045,0.999404736,1,1
649,1,0.606987846,1.001029974,1,1
650,1,0.793244788,1.001337373,1,1
651,1,1.011037444,0.999932471,1,1
652,1,1.226962224,0.998613144,1,1
653,1,1.408272364,0.999068836,1,1
654,1,1.526586726,1.000717167,1,1
655,1,1.563741977,1.00144822,1,1
656,1,1.514084501,1.000325303,1,1
657,1,1.385330218,0.998785122,1,1
658,1,1.197364649,0.998799603,1,1
659,1,0.979171291,1.000351193,1,1
660,1,0.764362886,1.001454071,1,1
661,1,0.585879604,1.000695724,1,1
662,1,0.471396092,0.999046024,1,1
663,1,0.438512789,0.998616833,1,1
664,1,0.492233055,0.999958504,1,1
665,1,0.624202207,1.001354165,1,1
666,1,0.814007242,1.001016717,1,1
667,1,1.032334456,0.999377155,1,1
668,1,1.245496483,0.998534098,1,1
669,1,1.42062998,0.999567581,1,1
670,1,1.530762178,1.001155432,1,1
671,1,1.5589651,1.001264772,1,1
672,1,1.500957494,0.99975465,1,1
673,1,1.36575453,0.998557735,1,1
674,1,1.174266767,0.999206868,1,1
675,1,0.956066143,1.000872015,1,1
676,1,0.744819155,1.001421613,1,1
677,1,0.573092436,1.000151196,1,1
678,1,0.467332183,0.998686364,1,1
679,1,0.443791412,0.998902701,1,1
680,1,0.506032281,1.000524259,1,1
681,1,0.644387268,1.00147554,1,1
682,1,0.837460706,1.000538009,1,1
683,1,1.055437438,0.998910964,1,1
684,1,1.264686966,0.998677386,1,1
685,1,1.432952105,1.000137257,1,1
686,1,1.534321612,1.001422302,1,1
687,1,1.553220249,1.000886917,1,1
688,1,1.486801842,0.9992155,1,1
689,1,1.345377663,0.998547565,1,1
690,1,1.15081571,0.999739037,1,1
691,1,0.933159357,1.001265429,1,1
692,1,0.725988213,1.001172421,1,1
693,1,0.561237553,0.999578076,1,1
694,1,0.464275536,0.998522987,1,1
695,1,0.449997071,0.99935853,1,1
696,1,0.52053577,1.001016003,1,1
697,1,0.664945459,1.001373547,1,1
698,1,0.860898735,0.999972501,1,1
699,1,1.078139008,0.998605775,1,1
700,1,1.283152309,0.999023473,1,1
701,1,1.444337515,1.000691873,1,1
702,1,1.536877387,1.001475397,1,1
703,1,1.546559573,1.000370184,1,1
704,1,1.471959309,0.998790249,1,1
705,1,1.324648585,0.998758385,1,1
706,1,1.127401162,1.00031638,1,1
707,1,0.910671856,1.001470245,1,1
708,1,0.707894365,1.000742207,1,1
709,1,0.55032365,0.999063314,1,1
710,1,0.462218498,0.998582772,1,1
711,1,0.45710679,0.999916674,1,1
712,1,0.535708453,1.001358124,1,1
713,1,0.685834988,1.001061424,1,1
714,1,0.884279434,0.999405389,1,1
715,1,1.100403738,0.998509695,1,1
716,1,1.30086897,0.999521755,1,1
717,1,1.4547781,1.00114685,1,1
718,1,1.538438037,1.001304446,1,1
719,1,1.539006952,0.999791809,1,1
720,1,1.456465458,0.998544795,1,1
721,1,1.303609044,0.999160367,1,1
722,1,1.104064596,1.000851475,1,1
723,1,0.88863844,1.001453352,1,1
724,1,0.690560378,1.000194606,1,1
725,1,0.54035797,0.998685866,1,1
726,1,0.461151681,0.998858904,1,1
727,1,0.465096012,1.000493218,1,1
728,1,0.551514403,1.00149701,1,1
729,1,0.707014103,1.000584531,1,1
730,1,0.90756167,0.998922983,1,1
731,1,1.122197458,0.998639489,1,1
732,1,1.317815005,1.00009794,1,1
733,1,1.464267514,1.001431908,1,1
734,1,1.53901378,1.000933178,1,1
735,1,1.530587582,0.999239202,1,1
736,1,1.44035656,0.998518344,1,1
737,1,1.282300787,0.999694276,1,1
738,1,1.080846796,1.001262435,1,1
739,1,0.867092637,1.00140913,1,1
740,1,0.674007365,1.00140913,1,1
741,1,0.531345963,1.00140913,1,1
742,1,0.461064048,1.00140913,1,1
743,1,0.473938926,1.00140913,1,1
744,1,0.567917023,1.00140913,1,1
745,1,0.728441078,1.00140913,1,1
746,1,0.930705026,1.00140913,1,1
747,1,1.143487288,1.00140913,1,1
748,1,1.333970137,1.00140913,1,1
749,1,1.472801197,1.00140913,1,1
750,1,1.538616465,1.00140913,1,1
751,1,1.521327876,1.00140913,1,1
752,1,1.423669514,1.00140913,1,1
753,1,1.260765499,1.00140913,1,1
754,1,1.057787796,1.00140913,1,1
755,1,0.846066667,1.00140913,1,1
756,1,0.658254764,1.00140913,1,1
757,1,0.523291301,1.00140913,1,1
758,1,0.461942951,1.00140913,1,1
759,1,0.483608528,1.00140913,1,1
760,1,0.58487913,1.00140913,1,1
761,1,0.750074292,1.00140913,1,1
762,1,0.95366986,1.00140913,1,1
763,1,1.164241682,1.00140913,1,1
764,1,1.349315769,1.00140913,1,1
765,1,1.48037636,1.00140913,1,1
766,1,1.537259529,1.00140913,1,1
767,1,1.511255413,1.00140913,1,1
768,1,1.406169695,1.00140913,1,1
769,1,1.238302038,1.00140913,1,1
770,1,1.033688197,1.00140913,1,1
771,1,0.82403016,1.00140913,1,1
772,1,0.641783731,1.00140913,1,1
773,1,0.515134479,1.00140913,1,1
774,1,0.463639137,1.00140913,1,1
775,1,0.495205912,1.00140913,1,1
776,1,0.605508026,1.00140913,1,1
777,1,0.777305481,1.00140913,1,1
778,1,0.983724409,1.00140913,1,1
779,1,1.19250842,1.00140913,1,1
780,1,1.371060759,1.00140913,1,1
781,1,1.491533002,1.00140913,1,1
782,1,1.53516741,1.00140913,1,1
783,1,1.495217132,1.00140913,1,1
784,1,1.377924873,1.00140913,1,1
785,1,1.201681959,1.00140913,1,1
786,1,0.994076354,1.00140913,1,1
787,1,0.787572993,1.00140913,1,1
788,1,0.614436717,1.00140913,1,1
789,1,0.501691199,1.00140913,1,1
790,1,0.466901221,1.00140913,1,1
791,1,0.515436349,1.00140913,1,1
792,1,0.639642261,1.00140913,1,1
793,1,0.820047709,1.00140913,1,1
794,1,1.028416902,1.00140913,1,1
795,1,1.232168775,1.00140913,1,1
796,1,1.399610621,1.00140913,1,1
797,1,1.504348129,1.00140913,1,1
798,1,1.530036769,1.00140913,1,1
799,1,1.472722185,1.00140913,1,1
800,1,1.341448584,1.00140913,1,1
801,1,1.156831199,1.00140913,1,1
802,1,0.947818726,1.00140913,1,1
803,1,0.747154235,1.00140913,1,1
804,1,0.586245969,1.00140913,1,1
805,1,0.490251306,1.00140913,1,1
806,1,0.474143446,1.00140913,1,1
807,1,0.540375893,1.00140913,1,1
808,1,0.678509079,1.00140913,1,1
809,1,0.866855815,1.00140913,1,1
810,1,1.07588619,1.00140913,1,1
811,1,1.272857372,1.00140913,1,1
812,1,1.42694246,1.00140913,1,1
813,1,1.514055012,1.00140913,1,1
814,1,1.520614198,1.00140913,1,1
815,1,1.445661993,1.00140913,1,1
816,1,1.301002366,1.00140913,1,1
817,1,1.109342381,1.00140913,1,1
818,1,0.900727921,1.00140913,1,1
819,1,0.707833526,1.00140913,1,1
820,1,0.560844721,1.00140913,1,1
821,1,0.482734388,1.00140913,1,1
822,1,0.485672365,1.00140913,1,1
823,1,0.569129408,1.00140913,1,1
824,1,0.719970905,1.00140913,1,1
825,1,0.914523966,1.00140913,1,1
826,1,1.122292586,1.00140913,1,1
827,1,1.310737842,1.00140913,1,1
828,1,1.450373834,1.00140913,1,1
829,1,1.519381297,1.00140913,1,1
830,1,1.507017006,1.00140913,1,1
831,1,1.415286237,1.00140913,1,1
832,1,1.258617926,1.00140913,1,1
833,1,1.061595099,1.00140913,1,1
834,1,0.855097552,1.00140913,1,1
835,1,0.671462013,1.00140913,1,1
836,1,0.539418364,1.00140913,1,1
837,1,0.479594857,1.00140913,1,1
838,1,0.501295543,1.00140913,1,1
839,1,0.601053338,1.00140913,1,1
840,1,0.76318374,1.00140913,1,1
841,1,0.962250784,1.00140913,1,1
842,1,1.167057563,1.00140913,1,1
843,1,1.345535241,1.00140913,1,1
844,1,1.469764399,1.00140913,1,1
845,1,1.520342471,1.00140913,1,1
846,1,1.489414064,1.00140913,1,1
847,1,1.381490033,1.00140913,1,1
848,1,1.213598284,1.00140913,1,1
849,1,1.012223634,1.00140913,1,1
850,1,0.809099535,1.00140913,1,1
851,1,0.636206417,1.00140913,1,1
852,1,0.520736938,1.00140913,1,1
853,1,0.480819821,1.00140913,1,1
854,1,0.52267392,1.00140913,1,1
855,1,0.639639271,1.00140913,1,1
856,1,0.813236488,1.00140913,1,1
857,1,1.016086249,1.00140913,1,1
858,1,1.216227578,1.00140913,1,1
859,1,1.382598906,1.00140913,1,1
860,1,1.488209201,1.00140913,1,1
861,1,1.516377351,1.00140913,1,1
862,1,1.462708137,1.00140913,1,1
863,1,1.33577749,1.00140913,1,1
864,1,1.155760737,1.00140913,1,1
865,1,0.951225222,1.00140913,1,1
866,1,0.754597384,1.00140913,1,1
867,1,0.59702255,1.00140913,1,1
868,1,0.503431633,1.00140913,1,1
869,1,0.488596381,1.00140913,1,1
870,1,0.554797808,1.00140913,1,1
871,1,0.691475892,1.00140913,1,1
872,1,0.876914093,1.00140913,1,1
873,1,1.081689838,1.00140913,1,1
874,1,1.273342769,1.00140913,1,1
875,1,1.421520188,1.00140913,1,1
876,1,1.502784101,1.00140913,1,1
877,1,1.504318512,1.00140913,1,1
878,1,1.425950567,1.00140913,1,1
879,1,1.280166785,1.00140913,1,1
880,1,1.090123615,1.00140913,1,1
881,1,0.88596927,1.00140913,1,1
882,1,0.700061089,1.00140913,1,1
883,1,0.561837099,1.00140913,1,1
884,1,0.493154615,1.00140913,1,1
885,1,0.504833983,1.00140913,1,1
886,1,0.594953997,1.00140913,1,1
887,1,0.749167509,1.00140913,1,1
888,1,0.942985449,1.00140913,1,1
889,1,1.145665651,1.00140913,1,1
890,1,1.325088952,1.00140913,1,1
891,1,1.452849162,1.00140913,1,1
892,1,1.508750289,1.00140913,1,1
893,1,1.483999024,1.00140913,1,1
894,1,1.382587857,1.00140913,1,1
895,1,1.220651264,1.00140913,1,1
896,1,1.023898767,1.00140913,1,1
897,1,0.823533248,1.00140913,1,1
898,1,0.651302519,1.00140913,1,1
899,1,0.534468929,1.00140913,1,1
900,1,0.491494036,1.00140913,1,1
901,1,0.529121437,1.00140913,1,1
902,1,0.641794649,1.00140913,1,1
903,1,0.811489767,1.00140913,1,1
904,1,1.011094364,1.00140913,1,1
905,1,1.208750577,1.00140913,1,1
906,1,1.372940918,1.00140913,1,1
907,1,1.477513485,1.00140913,1,1
908,1,1.505846544,1.00140913,1,1
909,1,1.453490223,1.00140913,1,1
910,1,1.328865475,1.00140913,1,1
911,1,1.151910047,1.00140913,1,1
912,1,0.950888865,1.00140913,1,1
913,1,0.757879199,1.00140913,1,1
914,1,0.603651963,1.00140913,1,1
915,1,0.512766053,1.00140913,1,1
916,1,0.49965772,1.00140913,1,1
917,1,0.566347615,1.00140913,1,1
918,1,0.702129667,1.00140913,1,1
919,1,0.885289679,1.00140913,1,1
920,1,1.086577814,1.00140913,1,1
921,1,1.273879643,1.00140913,1,1
922,1,1.417339817,1.00140913,1,1
923,1,1.494120893,1.00140913,1,1
924,1,1.492038783,1.00140913,1,1
925,1,1.411496137,1.00140913,1,1
926,1,1.265406863,1.00140913,1,1
927,1,1.07712562,1.00140913,1,1
928,1,0.876714249,1.00140913,1,1
929,1,0.696141985,1.00140913,1,1
930,1,0.56418581,1.00140913,1,1
931,1,0.501844425,1.00140913,1,1
932,1,0.518996682,1.00140913,1,1
933,1,0.612836222,1.00140913,1,1
934,1,0.76833035,1.00140913,1,1
935,1,0.960628157,1.00140913,1,1
936,1,1.159032131,1.00140913,1,1
937,1,1.331898541,1.00140913,1,1
938,1,1.451684313,1.00140913,1,1
939,1,1.499335483,1.00140913,1,1
940,1,1.467318016,1.00140913,1,1
941,1,1.360705194,1.00140913,1,1
942,1,1.196583724,1.00140913,1,1
943,1,1.001215477,1.00140913,1,1
944,1,0.805828839,1.00140913,1,1
945,1,0.641626814,1.00140913,1,1
946,1,0.534804052,1.00140913,1,1
947,1,0.502368303,1.00140913,1,1
948,1,0.549432647,1.00140913,1,1
949,1,0.668409575,1.00140913,1,1
950,1,0.840234045,1.00140913,1,1
951,1,1.037418445,1.00140913,1,1
952,1,1.22844992,1.00140913,1,1
953,1,1.382826573,1.00140913,1,1
954,1,1.475927658,1.00140913,1,1
955,1,1.492940168,1.00140913,1,1
956,1,1.431215631,1.00140913,1,1
957,1,1.30068213,1.00140913,1,1
958,1,1.122247507,1.00140913,1,1
959,1,0.924450547,1.00140913,1,1
960,1,0.738896518,1.00140913,1,1
961,1,0.595207097,1.00140913,1,1
962,1,0.516291623,1.00140913,1,1
963,1,0.514694543,1.00140913,1,1
964,1,0.590601407,1.00140913,1,1
965,1,0.731820341,1.00140913,1,1
966,1,0.915740196,1.00140913,1,1
967,1,1.112950879,1.00140913,1,1
968,1,1.291946211,1.00140913,1,1
969,1,1.424157297,1.00140913,1,1
970,1,1.488512292,1.00140913,1,1
971,1,1.474794803,1.00140913,1,1
972,1,1.385265671,1.00140913,1,1
973,1,1.234290703,1.00140913,1,1
974,1,1.046035597,1.00140913,1,1
975,1,0.850597905,1.00140913,1,1
976,1,0.67919517,1.00140913,1,1
977,1,0.559178532,1.00140913,1,1
978,1,0.509668265,1.00140913,1,1
979,1,0.5385077,1.00140913,1,1
980,1,0.641130085,1.00140913,1,1
981,1,0.801062871,1.00140913,1,1
982,1,0.992672252,1.00140913,1,1
983,1,1.185280695,1.00140913,1,1
984,1,1.348078809,1.00140913,1,1
985,1,1.45505347,1.00140913,1,1
986,1,1.489144173,1.00140913,1,1
987,1,1.444963758,1.00140913,1,1
988,1,1.32964963,1.00140913,1,1
989,1,1.161710876,1.00140913,1,1
990,1,0.968057428,1.00140913,1,1
991,1,0.7796881,1.00140913,1,1
992,1,0.62632076,1.00140913,1,1
993,1,0.533246781,1.00140913,1,1
994,1,0.51539629,1.00140913,1,1
995,1,0.575574482,1.00140913,1,1
996,1,0.704021486,1.00140913,1,1
997,1,0.879996647,1.00140913,1,1
998,1,1.075128116,1.00140913,1,1
999,1,1.257986614,1.00140913,1,1
1000,1,1.39914708,1.00140913,1,1
